_PARKS_~:parks
_S◎Lmusic_~:s@lmusic
&mut self (Mutable Self), by Labyrinth~:mutable_self_by_labyrinth
 #fakealphapixel~:fakealphapixel
00rr0r~:oorror
08 splash ink art NFT~:08_splash_ink_art_nft
0ARTNFT~:0artnft
0euvre AI~:oeuvre_ai
0x0 - Ninpo Gakko~:ninpo_gakko
0xDrip~:0xDrip
0xDRIP - Banners~:0xdrip_banners
111 SOLANA TATTOOS~:111_solana_tattoos
144pixels~:144pixels
169 Pixel Gang~:169_pixel_gang
1DAO~:1dao
24K SPECTRUM~:24k_spectrum
2D CATPUNK~:2d_catpunk
2D Soldiers~:2d_soldiers
300 latvieši~:300_latviesi
3D Flowers~:3d_flowers
3D monke corporation~:3d_monke_corporation
3D Soldiers~:3d_soldiers
3D SolTowers~:3d_soltowers
404 Baepes Not Found~:404_baepes_not_found
419 Acid Monkees~:419_acid_monkees
557 oil painting NFT~:557_oil_painting_nft
65 Million Years~:65_million_years
69 Jaburs~:69_jabur
8PXL APES~:8pxl_apes
A Basic Ape~:a_basic_ape
A Collection Of SolTones~:a_collection_of_soltones
A Pixel Art~:a_pixel_art
A-tun NFT~:a-tun
A.Art~:a_art
A.I. Grafix Collectible~:ai_grafix_collectible
AB x SamZ - #CityBlocks~:ab_x_samz
Abstergo~:abstergo
Abstract Labs Inner Circle~:abstract_labs_inner_circle
Abstract Trees~:abstract_trees
Abstracto~:abstracto
Abstratica~:abstratica
AceClub~:aceclub
Acid from Toadz~:acid_from_toadz
AcidToadz~:acidtoadz
Adorable Dinos~:adorable_dinos
Aeterna Civitas~:aeterna_civitas
Afrobubble~:afrobubble
AI Classics~:ai_classics
AI Monkey Business~:ai_monkey_business
AI Motion Art~:ai_motion_art
AI Photos - World Cities~:ai_photos_world_cities
AI Posters~:ai_posters
AI: Baby Bots~:ai_babybots
AIA - VanGogh & Hubble~:aia_vangough_hubble
Air Guitar Academy~:air_guitar_academy
Aircrafts~:aircrafts
AIRDOGS~:airdogs
Aiternate Universe~:aiternate_universe
Aiternate Universe x Matrica Labs: Enter the Pixel~:aiternate_universe_matrica_labs_enter_the_pixel
Akuma no Neko~:akuma_no_neko
Akuma Serpents~:akuma_serpents
Alice hand-painted 1/1NFT~:alice_hand_painted_nft
Alien Chill~:alien_chill
AlienPunks~:alienpunks
AlienSolanaNFT~:aliensolananft
AlienX~:alienx
Alpha Dragons~:alpha_dragons
ALPHA:RONINS~:alpha_ronins
Alps in Colours~:alps_in_colours
Ambrosians~:ambrosians
Amoebit Minis~:amoebit_minis
Amoebits!~:amoebits
Angels Of The Metaverse~:angels_of_the_metaverse
Angomon~:angomon
Angry Armadillos~:angry_armadillos
Angry BaboonS~:angry_baboons
Angry Baboons Females~:angry_baboons_females
Angry Bunny Club~:angry_bunny_club
Angry Octos~:angry_octos
Angry Reindeers~:angry_reindeers
AngryWorms~:angryworms
Anti Artist Club~:anti_artist_club
Anti Rug Apes~:anti_rug_apes
Anti Rug Apes GEN2~:anti_rug_apes_gen2
Anti Social Robot Club~:anti_social_robot_club
Anti Social Robot Club - 3D~:anti_social_robot_club_3d
Anybodies~:anybodies
ANYBODIES x AF1~:anybodies_x_af1
Apathetic Golem Club~:custom_apathetic_golem_club
Ape Kingdom ~:ape_kingdom
ApeFood~:apefood
Apes on Dragons~:apes_on_dragons
ApeShit Social Club~:apeshit_social_club
ApexDucks~:apexducks
ApexDucks Halloween~:apexducks_halloween
ArabPunkz~:arabpunkz
Arboretum, by Labyrinth~:arboretum_by_labyrinth
Arcade '88~:arcade88
Architecture Blocks - LandMark~:architecture_blocks_landmark
Arex Collection~:arex_collection
Arithmetic - The Number Theory~:arithmetic_the_number_theory
Ark Aminals~:ark_aminals
Art by Keen~:art_by_keen
Art by NRG – Pop Sushi~:art_by_nrg_pop_sushi
Artagon~:artagon
ArTeM Cryptoart~:artemcrypto
Artificial Irrelevants~:artificial_irrelevants
Artificial Pizza~:artificial_pizze
ArtPunks~:artpunks
Asgard Army~:asgard_army
Asgard Divine Items~:asgard_divine_items
Astral Apes~:astral_apes
Astral Baby Ape Club~:astral_apes_baby_club
ATLOS - Legends of Sol~:atlos_legends_of_sol
Aurory~:aurory
Autonomous Scoop Shop~:autonomous_scoop_shop
AutoSol~:autosol
AV Club~:av_club
Avocado Club~:avocado_club
Avocado Crates~:avocado_crates
BABOLEX~:babolex
Baby Ape Social Club~:baby_ape_social_club
Baby Bait~:baby_bait
Baby Chicks~:baby_chicks
Baby Dinos~:baby_dinos
Baby Dragon~:baby_dragon
Baby Ducks~:baby_ducks
Baby Goblin~:baby_goblin
Baby Monkey Troop~:baby_monkey_troop
Baby Nians~:baby_nians
Baby Nothing NFT~:baby_nothing_nft
Baby Samo Genesis~:baby_samo_genesis
Baby Skeletons~:baby_skeletons
Baby Sol Punks~:baby_sol_punks
Baby Solamanders~:baby_solamanders
Baby Tigers~:baby_tigers
Baby Turtles~:baby_turtles
Baby Wukongs~:baby_wukongs
Baby Yetis~:baby_yetis
BabyApes~:babyapes
BabyYodaNFT~:babyyodanft
Bad Bromatoes~:bad_bromatoes
BAEBOTS~:baebots
BalloonLabz Collection 1 Dogz~:balloonlabz_collection_one_dogz
Balloons For Gas~:balloons_for_gas
Banana Solana~:banana_solana
Bannurs~:bannurs
Bare Bones Society~:bare_bones_society
Bare Bones Society: The Kingdom Of Secrets~:bare_bone_society_the_kingdom_of_secrets
Bare Bones Society: The Metropolis Of Abyss~:bare_bones_society_the_metropolis_of_abyss
basis.markets~:basis_markets
Bat City Underground~:bat_city_underground
Bat City Underground: Genesis~:bat_city_underground_genesis
Battle For Nippon x Lucky Shogun~:battle_for_nippon_lucky_shogun
Battle Kongs~:battlekongs
Bear Market Bar~:bear_market_bar
BeardedmenNFT~:beardedmennft
Beat Drops V1~:beat_drops_v1
Belugie Nation~:belugienation
Belugies~:belugies
Beta Hogs~:beta_hogs
BetaHeads~:betaheads
BIG RATS by CorpoRats Lab ~:big_rats_by_corporats_lab
Billionaire Bats Club~:billionaire_bats_club
Billionaire Bear Club~:billionaire_bear_club
Billionaire Bens~:billionaire_bens
Billionaire Boxes~:billionaire_boxes
Bionic Thugbirdz~:bionic_thugbirdz
Birdz Babies~:birdz_babies
Birdzhouse Custom Mansions~:birdzhouse_customs_mansions
Birdzhouse Mansion Club~:birdzhouse_mansion_club
Bit Baddies~:bit_baddies
Bit Birdz~:bit_birdz
Bit Birdz MNFT~:bit_birdz_mnft
Bit Wormz~:bit_wormz
BitBears~:bitbears
BitBoat~:bitboat
BitBrawl~:bitbrawl
BitByteBin~:bitbytebin
BitFreaks~:bitfreaks
BitRatz~:bitratz
Bladius~:bladius
blanksoles~:blanksoles
Blissful Babes~:blissful_babes
Blissful Bulls~:blissful_bulls
BLOCK-01~:block_01
Blockasset Legends~:blockasset_legends
Blockbeats~:blockbeats
Blocks and Cryps~:blocks_and_cryps
Boat Boys~:boat_boys
bold butter~:bold_butter
BONEWORLD~:boneworld
Boneworld: Spiders of Bone Island~:boneworld_spiders_of_bone_island
Bonus Sams~:bonus_sams
Boopie Gen 1N~:boopie_gen_1
Bored Ape Social Club~:bored_ape_social_club
Bored Bunnies~:bored_bunnies
Bored Stones~:bored_stones
Borgar~:borgar
Bōryoku Baby Dragonz~:boryoku_baby_dragonz
Bōryoku Dragonz~:boryoku_dragonz
Bōryoku Dragonz Eggz~:boryoku_dragonz_eggz
Boryoku Lizardz~:boryoku_lizardz
Boss Babes~:boss_babes
BOSS Bears~:boss_bears
BOSS BULLS ™ Club~:boss_bulls_club
Bothered Otters~:bothered_otters
Bothered Otters Golden Tickets~:bothered_otters_golden_tickets
Bounty Hunter Space Guild~:bounty_hunter_space_guild
BowlRamen~:bowlramen
breezy bunnies~:breezy_bunnies
BROBOTS~:brobots
Broken Robot Burger Bar~:broken_robot_burger_bar
Buddy Bullies~:buddy_bullies
bugbearz~:bugbearz
Business Kittens~:business_kittens
Butterfly souls~:butterfly_souls
BuzzClub NFT~:buzzclub_nft
Camo Crocs~:camo_crocs
Camo Crocs: Signature Edition~:camo_crocs_signature_edition
Candy Cane~:candycane
Candy Corns~:candy_corns
Canvax~:canvax
Cardboard Box Coalition~:cardboard_box_coalition
Careless Cats~:careless_cats
Cartel~:cartel
Cartoon Turtle NFT~:cartoon_turtle_nft
CartoonSol~:cartoonsol
CASSETS~:cassets
CASSETS Audio~:cassets_audio
Cat Cartel ~:cat_cartel
CatPunk~:catpunk
CATPUNK OG PASS~:catpunk_og_pass_red
Cats Club NFT~:cats_club_nft
ChainMyth~:chainmyth
ChainMyth - Golden Tickets~:chainmyth_golden_tickets
Chaos Theory~:chaos_theory
cheaptunes.xyz~:cheaptunesxyz
Cheems Collectible Cards~:cheems
Chewing Beavers~:chewing_beavers
CHICken~:chicken
Chicken Tribe~:chicken_tribe
Chicken Tribe Coops~:chicken_tribe_coops
Chicky Town~:chicky_town
Chickz NFT~:chickz_nft
ChihuahuaSol~:chihuahuasol
Child Of The Dice~:child_of_the_dice
Chimp Frens~:chimp_frens
Chimpanzee Tribe~:chimpanzee_tribe
ChinesePunkz~:chinesepunkz
Chiwawows~:chiwawows
Chosen Ones~:chosen_ones
ChromaticCrypto~:chromaticcrypto
Chubby Corgis~:chubby_corgis
CineSOL~:cinesol
Circulus~:circulus
Civilians~:civilians
CLARINET DECONSTRUCTION NUMBERS~:clarinet
Classic Art Mashups~:classic_art_mashups
Clumsy Dodos~:clumsy_dodos
Coherence~:coherence
Coherence Cingular~:coherence_cingular
COLAB.ART~:colab_art
Color Shards~:color_shards
Combat Women NFT~:combat_women
Compendi-Pigs~:compendipigs
Contrastive~:contrastive
Cool Baby Kaiju~:cool_baby_kaiju
Cool Beans~:cool_beans
Cool Salamanders~:cool_salamanders
CoolCrocsClub~:coolcrocsclub
Coollamas ~:coollamas
cooperative.dev~:cooperative_dev
CopyCats~:copycats
CorpoRats Lab~:corporats_lab
CorruptCatz~:corruptcatz
Cosmiccc~:cosmiccc
Costa Sloths~:costa_sloths
Cozy Cubs~:cozy_cubs
Crack Commanders~:crackheadz
Crazy Pickles~:crazy_pickles
Creaturez Uniques~:creaturez_uniques
Creepy Girls~:creepy_girls
Criminal Fox NFT~:criminal_fox_nft
Croakies NFT~:croakies_nft
CrocoDeal~:crocodeal
Cryo Pass - SU~:cryo_pass_su
CryptDogePunks~:cryptdogepunks
Crypto Astronuts~:crypto_astronuts
Crypto Captains~:crypto_captains
Crypto Cavemen Club~:crypto_cavemen_club
Crypto Claus~:crypto_claus
Crypto Colores~:crypto_colores
Crypto Coven~:crypto_coven
Crypto Cultist Alpha Ghosts~:crypto_cultist_alpha_ghosts
Crypto Cultists~:crypto_cultist
Crypto Idolz - Faces~:crypto_idolz_faces
Crypto Kooks ~:crypto_kooks
Crypto Martians Club~:crypto_martians_club
Crypto Papayas~:crypto_papayas
Crypto Toes by toeMART~:crypto_toes_by_toemart
CryptoAmulets S2~:cryptoamulets_s2
Cryptoasts~:cryptoasts
CryptoCanNFT~:cryptocan
CryptoChads~:cryptochads
CryptoCream~:cryptocream
CryptoCubs~:crypto_cubs
CryptoCubs Elixirs~:cryptocubs_mutants
CryptoCubs Greenpaw Mutants~:cryptocubs_greenpaw_mutants
CryptoCubs Mutants~:cryptocubsmutants
CryptoDragons~:cryptodragons
Cryptogleeclub~:cryptogleeclub
CryptoKickers~:cryptokickers
Cryptolizers~:cryptolizers
Cryptomafia~:cryptomafia
Cryptonauts~:cryptonauts
Cryptonic Creations~:cryptonic_creations
CryptoPets~:cryptopets
CryptoRock~:crypto_rock
CryptoTitans: The Jacobson~:cryptotitans_the_jacobson
CryptoVeras~:cryptoveras
CryptZero - PUNKS IS unDEAD~:cryptzero_punks_is_undead
CTA Christmas Crates 2021~:cta_christmas_crates_2021
Cult of Meerkats~:cult_of_meerkats
Culture Vulture$~:culture_vultures
Cute Akita Inu Collections~:cute_akita_inu_collections
Cute Pixel Ape~:cute_pixel_ape
Cute Pixel Ape Pass~:cute_pixel_ape_pass
Cyber Ape Age~:cyber_ape_age
Cyber Apes~:cyber_apes
Cyber Cow Society~:cyber_cow_society
Cyber Frogs~:cyber_frogs
Cyber Pharmacy~:cyber_pharmacy
Cyber Samurai~:cyber_samurai
Cyber Samurai (Comic Pages)~:cyber_samurai_comic_pages
Cyber Samurai Cards~:cyber_samurai_cards
Cyber Technicians~:cyber_technicians
CyberFlockas~:cyberflockas
CyberKeys~:cyberkeys
CyberMythics~:cybermythics
CyberMythics II NFT~:cybermythics_ii_nft
Cyberpunk Districts~:cyberpunk_districts
CyberTrolls~:cyber_trolls
Cyborg Penguins~:cyborg_penguins
Danerob~:danerob
Danger Valley Ducks~:danger_valley_ducks
Danuki Dojo~:danuki_dojo
Dapper Ducks~:dapper_ducks
Dapper Ducks: The Hunters~:dapper_ducks_the_hunters
Daring Dinos~:daring_dinos
Daring Dragons~:daring_dragons
Dark-Sol.art~:dark_sol_art
DATAbstract~:databstract
Davids Renaissance~:davids_renaissance
DazedDucks Metagalactic Club~:dazedducks_metagalactic_club
DCBearNFTs~:dcbearsnfts
dcipher~:dcipher
Dead Pixels~:dead_pixels
Dead Presidents - In Fiat We Trust~:dead_presidents_in_fiat_we_trust
Deep Within~:deep_within
deepflow~:deepflow
deepr~:deepr
Deeps~:soldeeps
Degen Ape Society~:degen_ape_society
Degen Coin Flip~:degen_coin_flip
Degen Games: Dice Game~:degen_games_dice_game
Degen Guy~:degen_guy
Degen Kart Club~:degen_kart_club
Degen Lizzy NFT~:degen_lizzy
Degen Xmas Reindeer~:degen_xmas_reindeer
DegenApeClub~:degenapeclub
Degeneggs~:degeneggs
Degeneggs - Gen 2~:degeneggs_gen_2
Degenerate Ape Academy~:degenerate_ape_academy
Degenerate Holiday Pandas~:degenerate_holiday_pandas
Degenerate Trash Pandas~:degenerate_trash_pandas
Derivative Lions~:derivative_lions
Derivative Monke Business~:derivative_monke_business
DeRuged Snakes~:deruged_snakes
Dessert Girls~:soldessertgirls
Dhevas Neon Evolution~:dhevas_neon_evolution
Dhevas Neon Fashion~:dhevas_neon_fashion
Diamond Baepes by Monkey Kingdom~:baepes_by_monkey_kingdom
Diamond Sol Dogs~:diamond_sol_dogs
DigBics~:digbics
Digi Dino~:digi_dino
Digital Ducklings~:digital_ducklings
digitize.ai~:digitize_ai
Dill The Seal~:dill_the_seal
DIMEZ~:dimez
Dino Kingz~:dino_kingz
Dino Power~:dino_power
DinoPixels~:dinopixels
Dinos Zone~:dinos_zone
Dinosols~:dinosols
Dippy Dragons~:dippy_dragons
Dirty Panda NFT~:dirty_panda_nft
DistortedNFT~:distortednft
Divine Dragonz~:divine_dragonz
DL Art Club Booster Packs: Genesis~:dl_art_club_booster_packs_genesis
Doge Capital~:doge_capital
Doggos NFTs~:doggos_nfts
Dogs on the Block~:dogs_on_the_block
DogzPX~:dogzpx
DojoBox~:dojobox
Doll Society~:doll_society
Dolphinz~:dolphinz
DooDoo~:doodoo
Dooku Society~:dooku_society
Dope Cats~:dope_cats
Down Under~:nft_down_under
Draginz~:draginz
Dragon Eggs NFT~:ddragoneggsnft
Dragon Slayerz~:dragon_slayerz
Dragon Valley~:dragon_valley
Dragons Watch Heroes~:dragons_watch_heroes
Dragonsol~:dragonsol
Dragoonz~:dragoonz
Drakos Unchained ™~:drakos_unchained
Dreamland Monkeys~:dreamland_monkeys
DreamVerse~:dreamverse
Drip Ape Club~:dripapeclub
Drip Meta~:drip_meta
Drip or Drown~:drip_or_drown
Drippy Penguins~:drippy_penguins
Drunk Santa NFT~:drunk_santa_nft
Ducklings~:ducklings
DuckyVerse Gen0~:duckyverse_gen0
Eager Eagles~:eager_eagles
EarthiansNFT~:earthians
Eggcentrics~:eggcentrics
Eggplant Party~:eggplant_party
EgyptianPunkz~:egyptianpunkz
Eitbit Apes~:eitbit_apes
Elder Dragon~:elder_dragon
Element Art NFT 2D~:element_art_nft_2d
Element Art NFT Banners~:element_art_nft_banners
Element4ls~:element4ls
Element4ls Banners~:element4ls_banners
Elementals4Fusion~:elementals4fusion
Elysia~:elysia
Encoded Origin~:encoded_origin
enviro~:enviro
Epoch Labs~:epoch_labs
Ernest In Disguise~:ernest_in_disguise
Essence By Enigma Expanses~:essence_by_enigma_expanses
Eternal Beings~:eternal_beings
Eternal Monks~:eternal_monks
Eternalz~:eternalz
Ethereals By Enigma Expanses~:enigma_expanses
EvityArt~:evityart
EVO-DAO~:evo_dao
Evolve Collection~:evolve_collection
EXILED DEGEN APE ACADEMY~:exiled_degen_ape_academy
Exiled Lomu~:blockasset_exiled_lomu
Exiled Squirrels~:exiled_squirrels
Eyeballz~:eyeballz
Eyes WTF~:eyes_wtf
F*ck SMB Pass~:f_ck_smb_pass
FAB PUNKs~:fab_punks
FACES~:faces
Falcon Federation~:falcon_federation
Famous Fox Dens~:famous_fox_dens
Famous Fox Federation~:famous_fox_federation
fancy diamonds~:fancy_diamonds
Fancy Frenchies~:fancy_frenchies
Fancy Frenchies Puppies~:fancy_frenchies_puppies
Fast Food Baby Apes~:fast_food_baby_apes
Fast Food Doge Capital~:fast_food_doge_capital
Fast Food Magic Solana Shits~:fast_food_magic_solana_shits
Fast Food SMB~:fast_food_smb
Fast Food Sol Punks~:fast_food_sol_punks
Fast Food TB~:fast_food_tb
Fat Cat Mafia~:fat_cat_mafia
Female Apes on Dragons~:foad
Fenix Danjon~:fenix_danjon
Fennec Thug Association~:fennec_thug_association
Filipino Punkz~:filipino_punkz
Finality~:finality
Fine Fillies~:fine_fillies
Flag Monkez~:flag_monkez
Flamingo Crew~:flamingo_crew
Flamingo Party~:flamingo_party
Flashy Flamingos~:flashy_flamingos
FlexFox NFT~:flexfox_nft
Flippies~:flippies
Flockas~:flockas
Floofers~:floofers
Floor~:floor
FLOPPY GANG~:floppy_gang
Florida Sea and Sky~:florida_sea_and_sky
Fluffy Heads~:fluffy_heads
Flunk Donkeys~:flunk_donkeys
Flutter~:flutter
 Flux: Evolutions~:flux
Flying Monkes~:flying_monkes
Folktales of Lunaria~:folktales_of_lunaria
Folktales of Lunaria: Blood Moon ~:folktales_of_lunaria_blood_moon_lunarians
Folktales of Lunaria: Blood Moonstones~:folktales_of_lunaria_blood_moonstones
Folktales of Lunaria: Moonstones~:folktales_of_lunaria_moonstones
FOMO Foxes~:fomo_foxes
FOMO Kitty~:fomo_kitty
FonoGang~:fonogang
Formula Sol~:formula_sol
Fortuna Car Club~:fortuna_car_club
Fortune Cookies~:fortune_cookies
Foxy Fennecs Gang~:foxy_fennecs_gang
Fractalverse~:fractelverse
Fractures~:fractures
FRAKT~:frakt
FRAKT Sandbox - Broken Maze~:frakt_sandbox_broken_maze
FramesNFT~:framesnft
Freaky Fox Family~:freaky_fox_family
Fried Ghost Art Collective~:fried_ghost_art_collective
Friendly Frog Social Club~:friendly_frog_social_club
FrogBoiz~:frogboiz
FrogParty~:frogparty
Frogy-Gang~:frogy_gang
Frosty Dudes Gang~:frosty_dudes_gang
Funky Punks~:funky_punks
FunkySantas~:funkysantas
Furious Flowers~:furious_flowers
G.O.A.T. Collection~:goat_collection
Galactic Bananas~:galactic_bananas
GalacticApeSpaceCLub~:galacticapespaceclub
Galaxy Gorillas Gang~:galaxy_gorillas_gang
Galaxy Solo~:galaxy_solo
GalaxyKoalas~:galaxykoalas
GAMEKIDZ~:gamekidz
GANder.art~:gander_art
GAPES on SOL~:gapes_on_sol
Gapettes on Sol~:gapettes_on_sol
Gasless Geese: The First Voyagers~:gasless_geese_the_first_voyagers
Gem Heroes~:gem_heroes
Gemstones~:gemstones
Gemstones 3D~:gemstones_3d
generation elf ~:generation_elf
Genesis Zombies~:genesis_zombies
Genopets~:genopets
Genopets Cracked Eggs~:genopets_cracked_eggs
Genopets Refined Genotype Crystals~:genopets_refined_genotype_crystals
Genopets Terraform Seeds~:genopets_terraform_seeds
Genties~:genties
Gentle Monkiez~:gentle_monkiez
Geobots~:geo_gang
GeoGens~:geogens
Geomendrian~:geomendrian
GGSG: Concordians~:ggsg_concordians
GGSG: Enigma Crystals~:ggsg_enigma_crystals
GGSG: Galactic Geckos~:galactic_geckos
Ghost Boys~:ghost_boys
Ghost Boys~:ghostboys
Ghostface~:ghostface
Ghostly Sols~:ghostly_sols
Ghoulie Gang~:ghoulie_gang
GiraffeSol~:giraffesol
girlfrens~:girlfrens
GlobyGlobes~:globyglobes
Gloom Punk Club~:gloom_punk_club
Glyph-Bound~:glyphbound
gm Groundhogs~:gm_groundhogs
GMGN~:gmgn
gmoot~:gmoot
gmoot keys~:gmoot_keys
gmoot poems~:gmoot_poems
Gnarly Gnomies~:gnarly_gnomies
GnomieZ~:gnomiez
GoApe~:goape
Goblin Crew~:goblin_crew
Goblin Laboratory~:goblin_laboratory
God Particle~:god_particle
Golden SolMee Awards~:golden_solmee_awards
GoldenMountain~:goldenmountain
Goldies~:goldies
GOO GLITZ~:goo_glitz
Goobies~:goobies
Goose Guys~:goose_guys
Gorgon Gang HD~:gorgon_gang_hd
Gorgon Gang Pixel~:gorgon_gang_pixel
goth gfs~:goth_gfs
Grandpa's Story~:grandpas_story
Grim Syndicate~:grim_syndicate
Grim Syndicate: Lordrym's Workshop~:grim_syndicate_lordryms_workshop
Grim Syndicate: Lurkers of the Abyss~:grim_syndicate_lurkers_of_the_abyss
Grizzly Lifting University~:grizzly_lifting_university
GRLZ~:grlz
Groovetime~:groovetime
Groovy Afterlife~:groovy_afterlife
Groovy SolTones~:groovy_soltones
Gruesome Goblins~:gruesomeg_goblins
Grumpy Grandpas~:grumpy_grandpas
GUARDIANS~:guardians
GumBallz~:gumballz
Guppies~:guppies
Gym Rats~:gym_rats
Hallow Birds~:hallow_birds
Happy Orbs~:happy_orbs
Happy Pups~:happy_pups
Hazy Hippos~:hazy_hippos
Headless Chicken~:headless_chicken
Hedgie Hogs~:hedgie_hogs
Helium Zodiac~:helium_zodiac
Hell Hounds~:hell_hounds
Hello World! NFT~:hello_world_nft
Hemp~:hemp
Her Afterglow~:her_afterglow
Hero~:hero
Heroes & Villains: Origins~:heroes_and_villains_origins
High Roller Hippo Clique~:high_roller_hippo_clique
Hippo Family~:hippo_family
HOAG Munk~:hoag_munk
HOAG play~:hoag_play
Hollow Soldiers~:hollow_soldiers
Holy Pi's π~:holy_pi
Honorary Space Bums~:honorary_space_bums
Hood Noot Gang Business~:hood_nootz
Hooded Shadows~:hooded_shadows
HOODFROGZ~:hoodfrogz
Hoodiez NFT~:hoodiez_nft
hoodquackerz~:hoodquackerz
HoodRatsNFT~:hoodratsnft
Horny Dragons~:horny_dragons
Hoshoku Kaiju~:hoshoku_kaiju
Hot Bunnies NFT~:hot_bunnies_nft
Hot Spring Ape Bananas~:hot_spring_ape_bananas
Hot Spring Apes~:hot_spring_apes
Howly Wolfies~:howly_wolfies
Hype Santas~:hype_santas
Iceland - 0xDRIP~:iceland_0xdrip
Icy Bearz NFT~:icy_bearz_nft
Idle Planets NFT - Autumn 2021 Moon~:idle_planets_autumn_2021_moon
Idle Planets NFT - Holiday 2021 Moon~:idle_planets_nft_holiday_2021_moon
Imaginativ Art~:imaginativ_art
Immortal Eyes~:immortal_eyes
Immutable Image~:immutable_image
Inexplicables~:inexplicables
Infamous Apes~:infamous_apes
Infamous Monkes Twitter Banners ~:infamous_monkes_twitter_banners
InfamousMonkes~:infamousmonkes
Infected Gang Members ~:infected_gang_members_
Infinity Drakes~:infinity_drakes
Infinity Labs~:infinity_labs
Inksolum~:inksolum
INNOMINATE~:innominate
internet_object - Drop 01~:internet_object_drop_01
Inverse Bear 3D~:inverse_bear_3d
Inverse Bear Market~:inverse_bear_market
Irondogs~:irondogs
Jambo Mambo~:jambo_mambo
Jelly Beasts~:jelly_beasts
Jingle Monkeys~:jingle_monkeys
JMWW~:jmww
Jobless Gorillas~:jobless_gorillas
Jolly Gifts~:jolly_gifts
Jolly Santa NFT~:jolly_santa_nft
josephtaylor.art: aspects~:josephtaylorart_aspects
josephtaylor.art: block worlds~:josephtaylorart_block_worlds
Joylina’s Cantina~:joylinas_cantina
Jungle Cats~:jungle_cats
Jungle Cats Glitches~:jungle_cats_glitches
Jungle Cats Lioness~:jungle_cats_lioness
Just another JPEG.~:just_another_jpeg
Just Blocks~:just_blocks
Kaeru Kronicles~:kaeru_kronicles_
Kaidos Tempest~:kaidos_tempest
Kaiju Cards~:kaiju_cards
Kaizen Corps~:kaizen_corps
KAM1~:kam1
Kanzen Pixel Dragonz~:kanzen_pixel_dragonz
KappaTales~:kappatales
KeyClackers~:keyclackers
KHC - Vroom-Vroom #~:khc_vroomvroom
Kiddo Monkeys~:kiddo_monkeys
kidonthephoenix studios~:kidonthephoenix_studios
KIKI | BOUBA~:kiki_bouba
Killa Crocs~:killa_crocs
Kingdom of Dwarves~:kingdom_of_dwarves
Kingdom of Dwarves: Whitelist Tokens~:kingdom_of_dwarves_whitelist
Kitten Cadoodle~:kitten_cadoodle
Kitten Coup~:kittencoup
KittySolGang~:kittysolgang
Knife Fork Spoon~:knife_fork_spoon
Knightdom~:knightdom
Knights and Dungeons~:knights_and_dungeons
Koala Klubhouse~:koala_klubhouse
Koin Koi~:koin_koi
Kolsana~:kolsana
Komodo Dragonz~:komodo_dragonz
Konwi´s~:konwis
Koral Klvb~:koral_klvb
Kosame's Photography~:kosames_photography
Kratt Studio @ Distorted~:kratt_studio_at_distorted
Kreechures~:kreechures
Krunk Roach NFT~:krunk_roach_nft
Kudzo Dragons~:kudzo_dragons
Kyobo Drakes~:kyobo_drakes
Kyoudai Academy~:kyoudai_academy
Laidback Lions~:laidback_lions
Lambo Diamond Hands Club~:lambo_diamond_hands_club
Lana Frogs~:lana_frogs
Lanabots~:lanabots
Languid Lads ~:languid_lads_
LavaRunners~:lavarunners
Lazy Heroes~:lazy_heroes
Le Cougar Clique ~:le_cougar_clique
LegionPunks~:legionpunks
Lemon Party~:lemon_party
Leopard Syndicate~:leopard_syndicate
Lifinity Flares~:lifinity_flares
Limited Edition Milktoast~:limited_edition_milktoast
LINGALA X Solana Surfers~:lingala_x_solana_surfers
Lit Jesus~:lit_jesus
Lit Jesus - Genesis 2~:lit_jesus_genesis_2
Little Chickens~:little_chickens
Little Noots~:little_noots
Little Rocks NFT~:little_rocks_nft
Loaf Doge Bakery~:loaf_doge_bakery
Loafz~:loafz
Lofi Llamas~:lofi_llamas
Lofi Rooms~:lofi_rooms
Long Ween Club~:long_ween_club
Longharbor NFT~:longharbor_nft
Lords of SOL~:lords_of_sol
Lost Lynx Society~:lost_lynx_society
Lost Skeletons~:lost_skeletons
LOST SOLS CLUB~:lost_sols_club
Lost World’s Herbarium~:lost_worlds_herbarium
Lotus Gang NFT~:lotus_gang_nft
Lucky Ants~:lucky_ants
Lucky Bunnies~:lucky_bunnies
Lucky Cats Collections~:lucky_cats_collections
Lucky Kittens~:lucky_kittens
Lucky Lemurs~:lucky_lemurs
Lucky7sBlockheads~:lucky7sblockheads
Lumen~:lumen
LuxAI~:LuxAI
Mad Vikings~:mad_vikings
Mad Vikings Arms Collection~:mad_vikings_arms_collection
MadTrooper~:mad_trooper
Mafia thugzz~:mafia_thugzz
Mafia vs Police~:mafia_vs_police
Magic Peacocks~:magic_peacocks
Magic Solana Sh*t~:magic_solana_sh_t
Magical Land~:magical_land
Manchote Club Unveiled~:manchote_club_unveiled
MandoStar~:mandostar
Marker Kid~:marker_kid
Matrica Labs: Corrupted~:matrica_labs_corrupted
Matrica Labs: Pixels~:matrica_labs_pixels
MeanMen~:meanmen
Mechanic Wolf~:mechanic_wolf
Mechs of Solana~:mechs_of_solana
Meekolony~:meekolony
Meerkat Millionaires Country Club~:meerkat_millionaires_country_club
Megumi~:megumi
Mekasol~:mekasol
Mekka Froggo~:mekka_froggo
Mere Marbles~:mere_marbles
Merry Xmas NFT~:merry_xmas_nft
Meta Ape~:meta_ape
Meta Drago~:meta_drago
Meta Homes~:meta_homes
META OCEAN BOX~:meta_ocean_box
Meta Panda Squad~:metapandasquad
Meta-Kreechures~:meta_kreechures
Metabaes~:metabaes
MetaBirds~:metabirds
Metadroids~:metadroids
Metakatz~:metakatz
MetaMounts~:metamounts
MetaPixel~:metapixel
MetaSmoothBrainClub~:metasmoothbrainclub
metaSpheres~:metaspheres
Metatun NFT~:metatun_nft
Metropolis NFT~:metropolis_nft
Mickey Degods~:mickey_degods
Mighty Orc~:mighty_orc
Milktoast~:milktoast
Millionaire Apes Club~:millionaire_apes_club
Millionaire Crocodile Club~:millionaire_crocodile_club
Millionaire Moles~:millionaire_moles
Millionpoundapes~:millionpoundapes
MillionSols DAO~:millionsols_dao
MIM Swarmers~:mim
MinerDwarfs~:minerdwarfs
Mini Royale: Nations - Season 1 (Premium)~:mrn_s1_vikings_premium_drop
MiniMecha~:minimecha
Mirrored Monkey Business ~:mirrored_monkey_business
Mischief Elves~:mischief_elves
MixMob~:mixmob
Mob Monkettez~:mob_monkettez
Mob Monkiez~:mob_monkiez
Modern Mice~:modern_mice
Modern Monkey Business~:modern_monkey_business
MogulWars~:mogulwars
Moments~:moments
Moneyline~:moneyline
Monke Babies~:monke_babies
Monke Dome~:monke_dome
MonkeBacks~:monkeback
MonkeShitBox~:monkeshitbox
MonketteBabies~:monkettebabies
Monkey Baby Business~:monkey_baby_business
Monkey Kingdom~:monkey_kingdom
moodCards~:moodcards
Moody Bunnies~:moody_bunnies
Moolah Monkey~:moolah_monkey
Moolah Monkey Club~:moolah_monkey_club
Moons NFT~:moons_nft
mrbot~:mrbot
Muchos Colores~:muchos_colores
Mug Club~:mug_club
Multiverse Llama~:multiverse_llama
Mumble Rapperz~:mumble_rapperz
Mutant Ape~:mutant_ape
Mutant Dogs Club DAO~:mutant_dogs_club_dao
Mutant Monkey Business~:mutant_monkey_business
Mutant Penguins~:mutant_penguins
Mutated Monkes~:mutated_monkes
My Name is Sol~:my_name_is_sol
My NFT Space~:my_nft_space
MyceliaVerse: Voyage~:myceliaverse_voyage
Myopa~:myopa
mySpaceship~:myspaceship
Mysterious Pharaohs~:mysterious_pharaohs
Mystery Crabs~:mystery_crabs
Mystery Loops Club~:mystery_loops_club
Mystic Girls Club~:mystic_girls_club
Mythic Qilin~:mythic_qilin
Naked Meerkats Beach Club~:naked_meerkats_beach_club
Nasty Nerds~:nasty_nerds
Naughty Fingers~:naughty_fingers
Nekos~:nekos
Nekoverse~:nekoverse
Neon Game~:neon_game
Neondoge~:neondoge
NEONEXUS - GOLDEN TICKETS~:neonexus_golden_tickets
NEONEXUS AIRDROPS~:neonexus_airdrops
NEONEXUS Commercial~:neonexus_commercial
NEONEXUS Property Tokens~:neonexus_property_tokens
NEONEXUS Residential~:neonexus_residential
NeoNoots~:neonoots
Neopets Metaverse~:neopets_metaverse
NEOTOYS : Lost Dogs~:neotoys_lost_dogs
NEOTOYS Floppies~:neotoys
New Neon~:new_neon
New World Monkes~:new_world_monkes
Newborn Iguanas~:newborn_iguanas
NFBEES~:nfbees
NFiT Social Club~:nfit_social_club
NFPD~:nfpd
NFTeePee~:nfteepee
NftEyez Membership Pass~:nfteyez_membership_pass
NFTrees Solana~:nftrees_solana
Nfty Stars~:nfty_stars
Nifty Nanas~:nifty_nanas
Night Racers~:night_racers
Nobu Ninjas~:nobu__ninjas
Nobu Senseis~:nobu_ninjas
NoGoalFaces~:no_goal_faces
NoiaDucks~:noiaducks
Nois3~:nois3
Noise Pass~:noise_pass
Not A Pug~:not_a_pug
Not A Pug Babies~:not_a_pug_babies
Nothing NFT~:nothing_nft
Nova Nerds~:nova_nerds
Nova, by Labyrinth~:nova_by_labyrinth
Nucleoids on Solana~:nucleoids_on_solana
Nyan Heroes~:nyan_heroes
Nyan Heroes Participation Token~:nyan_heroes_participation_token
Oasis of Universe~:oasis_of_universe
Oblivia~:oblivia
Octopus Game NFT~:octopus_game_nft
OG Astro Babies~:og_astro_babies
OG CrackHeadz~:og_crackheadz
OG Flowers~:og_flowers
OG Flowers Underworld~:og_flowers_underworld
OinkClub NFT~:oinkclub_nft
Onigiri Town~:onigiri_town
Oppa~:oppa
Orc Racing Club~:orc
Orcanauts~:orcanauts
Ordinary Sol~:ordinary_sol
Owliverse~:owliverse
P²-GAN  Fractal Art~:p_gan_fractal_art
p33p~:p33p
Paint~:paint
Painture Gallery~:painture_gallery
Panda Crew~:panda_crew
Panda Fraternity~:panda_fraternity
Panda Fraternity Drinks~:panda_fraternity_drinks
Panda Pentz~:panda_pentz
Panda Street~:panda_street
Panthers in the Metaverse~:panthers_in_the_metaverse
Panzerdogs~:panzerdogs
PaperHandNFT~:paperhandnft
Paragon Art~:paragon_art
Parallel Universe Collector~:parallel_universe_collector
Parlay~:parlay
Parrot Paradise~:parrot_paradise
Passports for Pardoned Turkeys~:passports_for_pardoned_turkeys
Pawnshop Gnomies~:pawnshop_gnomies
PEEPS~:peeps
PENGOO~:pengoo
Pengu Gear~:pengu_gear
Pengu Love~:pengu_love
Pepe Punks~:pepe_punks
PerkyPanda Club~:perkypanda_club
Personify~:personify
Pesky Ice Cube~:pesky_ice_cube
Pesky Penguins~:pesky_penguins
PFL DAO~:pfl_dao
Phanbots~:phanbots
Phantoms~:phantoms
Phaty Platys~:phaty_platys
Phenom Phoenixes~:phenom_phoenixes
Pi Project~:pi_project
Piggy Sol Gang~:piggy_sol_gang
Pigsels ~:pigsels_
Pikuseru Pets~:pikuseru_pets
Pilgrim Society~:pilgrim_society
Pirates of Sol Bay - Items~:pirates_of_sol_bay_items
Pirates Of Solana~:pirates_of_solana
Pixel~:pixel
Pixel Chicks~:pixel_chicks
Pixel Creatures~:pixel_creatures
Pixel Eyes~:pixel_eyes
Pixel Heroes~:pixel_heroes
Pixel Invaderz Metaverse~:pixel_invaderz_metaverse
Pixel Island NFT~:pixel_island_nft
Pixel Kingdom~:pixel_kingdom
Pixel Knights~:pixel_knights
Pixel Monsters~:pixel_monsters
Pixel Penguins~:pixel_penguins
Pixel Puffins~:pixel_puffins
Pixel Pups~:pixel_pups
Pixel Racers~:pixel_racers
PixelApes~:pixelapes
PixelCookers~:pixelcookers
PixelFlapjacks~:pixelflapjacks
PixelHorse NFT~:pixelhorse_nft
PixMonkies~:pixmonkies
PixSol Bears~:pixsol_bears
Pixsols~:pixsols
PixTapes~:pixtapes
PixWorldNFT~:pixworldNFT
PizzlyBears~:pizzlybears
PLAIN CANVAS~:plain_canvas
Planet of The K9s~:planet_of_the_k9s
Platypusol Family~:platypusol_family
Playground Epoch~:playground_epoch
Playground Waves~:playground_waves
PLNTS~:plnts
Plush Pandas~:plush_pandas
Points Of Color~:points_of_color
Polar Penguins~:polar_penguins
PolitiBox~:politibox
Polyline~:polyline
PopsicleNFT~:popsicleNFT
Portals~:portals
Portals.Art~:the_portals
Posh Dolphs~:posh_dolphs
Posh Pools~:posh_pools
Possum Club~:possum_club
Potato Punkz~:potato_punkz
Powder Heroes~:powder_heroes
Power Orbs~:power_orbs
PowerfulApes~:powerfulapes
Precious Puppies~:precious_puppies
Prickly Pete's Platoon - Environmental Warriors~:prickly_petes_platoon
Prickly Pete's Platoon - OG Cactoon Series~:prickly_petes_platoon_og_cactoon_series
Project Eluune~:project_eluune
Project Hanako~:project_hanako
Project Immortalis~:project_immortalis
Project Noise~:project_noise
PSY Network | PlanetZ~:planetz
Psyc Dream~:psyc_dream
Psychedelic Apes~:psychedelic_apes
Psychedelic Apes - Airdrops~:psychedelic_apes_airdrops
Psychedelic Emblems~:psychedelic_emblems
Pudgy Pigeons~:pudgy_pigeons
Pumpfkin Statues~:pumpfkin_statues
PunkTee~:punktee
Punky Apes Club~:punky_apes_club
Pup World~:pup_world
PxPolars~:pxpolars
Quirky Corgis~:quirky_corgis
Quirky Turkeys~:quirky_turkeys
Rabbit Punks~:rabbit_punks
Rabisol~:rabisol
Raccoon Kingdom~:raccoon_kingdom
RapperZ~:rapperz
Raptor Fraternity~:raptor_fraternity
Rare Wojak~:rare_wojak
RareDon~:raredon
Rascals NFT~:rascals_nft
Rat Bastards~:rat_bastards
Rat Gang~:rat_gang
Realm Kings~:realm_kings
Red Buto~:red_buto
Red Panda Squad~:red_panda_squad
Red Panda Squad Special Collection~:red_panda_squad_special_collection
Refined Apes Block Party - RABP~:refined_apes_block_party
Reservoir Doges~:reservoir_doges
Retro Pawz~:retro_pawz
Reverse Rug Yōkai Club~:reverse_rug_yokai_club
Rhino Workforce~:rhino_workforce
Risky Rhinos~:risky_rhinos
Robo Thugz~:robo_thugz
Rogue Circuits~:rogue_circuits
Rogue Sharks~:rogue_sharks
Rogue Sols~:rogue_sols
Rolana~:rolana
Rotten Ville~:rotten_ville
RowdyRex~:rowdyrex
RowdyRex - Generation 2~:rowdyrex_generation_2
ROX Collective~:rox
Royal Bear Zilla 3D~:royal_bear_zilla_3d
Royal Bears~:royalbears
Royal Pangolins~:royal_pangolins
Rude Golems~:rude_golems
Rude Rhino's Club~:rude_rhinos_club
Rugsten Cube~:rugsten_cube
RUGTOADZ~:rugtoadz
Russian Punkz~:russian_punkz
RustBots~:rustbots
 S◎LANA ST◎NES~:solana_stones
S0lnumbers~:s0lnumbers
Sacred Symbols / Fracture~:sacred_symbols_fracture
Saiba Gang~:saiba_gang
Saibōgu Corp~:saibogu_corp
Samart NFT~:samart_nft
Sand Souls~:sand_souls
Santa Miners~:santaminers
Santa's Reindeers~:santas_reindeers
SantaClaus~:santaclaus
Savage Harpies Club~:savage_harpies_club
Savage Santas~:savage_santas
SavagesTotsys~:savagestotsys
SawBunny~:sawbunny
Say GM~:say_gm
Scoogis~:scoogis
Scrap Bots~:scrap_bots
SD Cafe: Celebrating the Wins~:sd_cafe_celebrating_the_wins
SEALZ~:sealz
Secret Deed NFT~:secret_deed_nft
Secret Duck Society~:secret_duck_society
Secret Ghosts DAO~:secret_ghosts_dao
Secret Snowmen~:secret_snowmen
Secret Squirrel Association~:secret_squirrel_association
Sendai Dojo~:sendai_dojo
Sentinels~:sentinels
Seoul Stars~:seoul_stars
Serpents~:serpents
Settlers of the Metaverse~:settlers_of_the_metaverse
SGF United~:sgf_united
Shadowy Super Coder DAO~:shadowy_super_coder_dao
SHAPES~:shapes
Shark War~:shark_war
SharkBros~:sharkbros
shatteredmarble~:shatteredmarble
Shiba Corp~:shiba_corp
Shiba Family~:shiba_family
Shiba Lady~:shiba_lady
Shiba SolGang~:shiba_solgang
Shinobi Punkz~:shinobi_punkz
Shipsgrave~:shipsgrave
Shkary Sharks (Gen 1)~:shkary_sharks
shoeuzi Scattered SZN. 1~:shoeuzi_scattered_szn_1
Shrimp Society NFT~:shrimp_society_nft
ShroomZ~:shroomz
ShroomZ 1/1 Collection~:shroomz_1of1_collection
ShroomZ X Exiled Apes~:shroomz_x_exiled_apes
Shukutai Dinos~:shukutai_dinos
Shungite Pyramids NFT~:shungite_pyramids_nft
SHYNE!~:shyne
Sigh Ducks~:sighducks
Sigh Ducks PX777~:sigh_ducks_px777
Sigma Sharks~:sigma_sharks
Silly Skeletons~:silly_skeletons
Sinful Souls~:sinful_souls_nft
Sitting Monkey~:sitting_monkey
Skater Cat Society~:skater_cat_society
Skeleton Crew Airdrops & More~:skeleton_crew_airdrops_and_more
Skeleton Crew Skulls~:skeleton_crew_skulls
Skellies~:skellies
Skollz~:skollz
SKOLs~:skols
SKTBRDZ CLUB~:sktbrdz_club
Skull Cool~:skull_cool
Skull Division~:skull_division
Skull Squad~:skull_squad
skulls.wtf~:skulls.wtf
Skully Boys Bones Club~:skully_boys_bones_club
skyline extras~:skyline_extras
skyline NFT~:skyline_nft
SleekShark~:sleekshark
Slimeballz~:slimeballz
sLoot~:sloot
Slothtopia~:slothtopia
Smileys~:smileys
Smolfishes~:smolfishes
Smolpenguins~:smolpenguins
Snailana~:Snailana
Sneaky Mice House~:sneaky_mice_house
Snek Gang~:snek_gang
Sneks 3D~:sneks_3d
Snowballed Noot~:snowballed_noot
soAlien~:soalien
Social Donkeys~:social_donkeys
SocietyMasks~:societymasks
Sockpass~:sockpass
Soilets~:soilets_nft
Sol Bongs~:sol_bongs
Sol Buds~:sol_buds
Sol Characters~:sol_characters
Sol Chipmunks~:sol_chipmunks
Sol City Penguins~:solpenguins
Sol Dark~:sol_dark
Sol Diamond Hands~:sol_diamond_hands
Sol Hood Games~:sol_hood_games
SOL KITTY CATS~:sol_kitty_cats
Sol Music: The J-Minu$ Collection~:sol_music_the_j_minus_collection
SOL NINJAS~:sol_ninjas
Sol O' House~:sol_o_house
Sol O' Lanterns~:sol_o_lanterns
SOL Parasites~:solparasites
Sol Patrol~:sol_patrol
Sol Pixel Rocks~:sol_pixel_rocks
Sol Santas Christmas Escape~:sol_santas_christmas_escape
Sol Scoops~:sol_scoops
Sol Slugs~:sol_slugs
Sol Sodas~:sol_sodas
SOL Street~:sol_street
Sol Swat~:sol_swat
Sol Tapes~:sol_tapes
Sol Team Six~:sol_team_six
Sol Towers~:sol_towers
Sol Vikings~:sol_vikings
Sol-pearls~:sol_pearls
Sola Natives~:sola_natives
Solactic Guardians~:solactic_guardians
Solactic Hybrids~:solactic_hybrids
Solafinger~:solafinger
Solaghosts~:solaghosts
Solagon~:solagon
Solamanders~:solamanders
Solameleon~:solameleon
Solamids~:solamids
Solan System~:solan_system
Solana Alien Business~:solana_alien_business
Solana Baby Monkey Business~:solana_baby_monkey_business
Solana Bananas~:solana_bananas
Solana Birbs~:solana_birbs
Solana Bros~:solana_bros
Solana Bullz~:solana_bullz
Solana Bunny Business~:solana_bunny_business
Solana Carrom Club~:solana_caroom_club
Solana Cat Business~:solana_cat_business
Solana Chimps~:solana_chimps
Solana Clown~:solana_clown
Solana Croco Business~:solana_croco_business
Solana Dads~:solanadads
Solana Dog House~:solana_dog_house
Solana Dolls~:solana_dolls
Solana Donkey Business~:solana_donkey_business
Solana Droid Business~:solana_droid_business
Solana Droids~:solana_droids
Solana Ducks~:solana_ducks
Solana Eagle~:solana_eagle
Solana Earth~:solana_earth
Solana Ecosystem~:solana_ecosystem
Solana Feline Business~:solana_feline_business
Solana Gangsta NFT~:solana_gangsta_nft
Solana Gecko Business~:solana_gecko_business
Solana Giraffe Business~:solana_giraffe_business
Solana Giraffes~:solana_giraffes
Solana Glyphs~:solana_glyphs
Solana Goat Business~:solana_goat_business
Solana Hamster Business | SOLGIG~:solana_hamster_business_solgig
Solana Havana Cigar Club~:solana_havana_cigar_club
Solana Huskies~:solana_huskies
Solana Ice Cream Business~:solana_ice_cream_business
Solana Invasion~:solana_invasion
Solana Island Boiz~:solana_island_boiz
Solana Islands~:solana_islands
Solana Kongz~:solana_kongz
Solana Leaders~:solana_leaders
Solana Locks~:solana_locks
Solana Mafia~:solana_mafia
Solana Mafia Ladies~:solana_mafia_ladies
Solana Mecha War~:solana_mecha_war
Solana Mees~:solana_mees
Solana Micro Monkey Business~:solana_micro_monkey_business
Solana Mine~:solanamine
Solana Money Boys~:solana_money_boys
Solana Monkette Business~:solana_monkette_busines
Solana Monkey Business~:solana_monkey_business
Solana Monkey Holidays: Christmas~:solana_monkey_holidays_christmas
Solana Monkey Islands~:solana_monkey_islands
Solana Monkey Travel Agency~:solana_monkey_travel_agency
Solana Monkey University~:solana_monkey_university
Solana Monks~:solana_monks
Solana Mystery Box~:solana_mystery_box
Solana Mystery Items~:solana_mystery_box_items
Solana Mystery Stones~:solana_mystery_stones
Solana Penguin Business~:solana_penguin_business
Solana Penguins~:solana_penguins
Solana Piranhas~:solana_piranhas
Solana Research Lab~:solana_research_lab
Solana Reversed Monkey Business~:solana_reversed_monkey_business
Solana Samurai Journey~:solana_samurai_journey
Solana Seasons - Winter - Sneaky Snowmen~:solana_seasons_winter_sneaky_snowmen
Solana Shiba Business~:solana_shiba_business
Solana Slender Man~:solana_slender_man
Solana Souls~:solana_souls
Solana Space Mercs~:solana_space_mercs
Solana Squirrels~:solana_squirrels
Solana Squirrels~:solana_squirrel
Solana Supercar Ferrari~:solana_supercar_ferrari
Solana Surfers~:solana_surfers
Solana Swine Gang~:solana_swine_gang
Solana Tigers~:solana_tigers
Solana Troll Camp~:solana_troll_camp
Solana Valley Pups~:solana_valley_pups
Solana Wild Vampires~:solana_wild_vampires
Solana Witches~:solana_witches
Solana Wizards~:solana_wizards
Solana Worlds~:solana_worlds
SolanaDogeNFTs~:solanadoge
SolanaDogsClub~:solanadogsclub
SolanaEarth~:solanaearth
SolanaTown~:solanatown
SOLands v1~:solands
SOLands v2~:solands_v2
Solani Chan~:solani_chan
Solantasy~:solantasy
Solantasy - SolWarriors~:solantasy_solwarriors
Solantasy - SolWizards~:solwizards
SolAnts~:solants
Solanum Nigrum~:solanum_nigrum
Solanyan~:solanyan
Solape Access Card~:solape_access_card
solaquariums~:solaquariums
SolArc NFT~:solarc_nft
SolariumNFT~:solariumnft
SolariumNFT - Genesis Collection~:solariumnft_genesis_collection
Solarnauts~:solarnauts
Solatic Force~:solatic_force
Solato Potato~:legendary_potatoes
SolBatsClub~:solbatsclub
Solbees - Hives NFT~:solbees_hives_nft
SolBlocks~:solblocks
Solbots~:solbots
SOLBOXERS~:solboxers
SolBricks~:SolBricks
Solbulls~:solbulls
Solbunnies~:solbunnies
SolCactus~:solcactus
SOLCATCOIN~:solcatcoin
SolCatPunks~:solcatpunks
Solccoons~:solccoons
SolCelebs~:solcelebs
SolChads~:solchads
SOLChamies~:solchamies
SolChan Pets~:solchan_pets
SolChicks~:solchicks
SolChristmas Baubles~:solchristmas_baubles
SolCities NFT~:solcities_nft
SolClique~:solclique
SolCops~:solcops
SolCrabs~:solcrabs
SolCrocos~:solcrocos
SolDads~:soldads
SolDeepPaintings~:soldeeppaintings
SolDice Gen0~:soldice_gen0
Soldier Items~:soldier_items
SOLDOG~:soldog
SOLDOGES NFT~:soldoges_nft
SolDough~:soldough
SolDough Market~:soldough_market
SOLdreams~:soldreams
SolDuckNFTs~:solducknfts
Solebs Art~:solebs_art
Solectric~:solectric
SolEnforcers~:solenforcers
Soler Power~:soler_power
SOLEX.watch~:solex.watch
Solfighters~:solfighters
SolFinity~:solfinity
Solflakes~:solflakes
SolFood~:solfood
SolFractals~:solfractals
SolGalaxy~:solgalaxy
SolGen~:solgen
SolGhosts~:solghosts
SolGhosts v2~:solghosts_v2
SolGoats~:solgoats
SolGoddesses~:solgoddesses
SOLgods ~:solgods
SOLGods Enigma Collection~:solgods_enigma_collection
SolHedrons~:solhedrons
Solicons~:solicons
Soliens~:soliens
SolJunk~:soljunk
Sollamas~:sollamas
Sollemurs~:sollemurs
SOLLUMINATI~:solluminati
SOLLUMINATI - The Eye~:solluminati_the_eye
Sollyfish~:sollyfish
SOLMATCH~:solmatch
SOLMates~:solmates
SolMoms~:solmoms
Solmoverse: Collection 0~:solmoverse_collection_0
Solmushies~:solmushies
SolMusic by CryptoCanNFT~:solmusic_by_cryptocannft
Solnanas~:solnanas
SolNinjas~:solninjas
SolNoodles~:solnoodles
SolNuggs~:solnuggs
Solobots Game~:solobots_game
Solonsters~:solonsters
SolOrbs~:solorbs
Soloths~:soloths
Solottery~:solottery
SolOwl~:solowl
SolPaintClub~:solpaintclub
SolPanda NFT~:solpandas
Solpass~:solpass
SolPenguins~:sol_penguins
Solphins~:solphins
SolPoems~:solpoems
SolPony~:solpony
Solpops~:solpops
SolPugs~:solpugs
SolPugs | Halloween Edition~:solpugs_halloween_edition
SolPunks~:solpunks
SolRooms~:solrooms
Solroyalti~:solroyalti
Solryx~:solryx
SolSamo~:solsamo
SolSeats~:solseats
SOLShades~:solshades
SolShapes Circles~:solshapes_circles
SolShapes Triangles~:solshapes_triangles
SolSheep~:solsheep
SolShiba~:solshiba
Solshrooms~:solshrooms
SolSisters~:solsisters
SolSisters Sisterverse~:solsisters_sisterverse
SolSisters TwinSisters~:solsisters_twinsisters
SolSkellies OG Collection~:solskellies_og_collection
SOLSKULL~:solskull
SolSlimes~:solslimes
SolSnatchers~:solsnatchers
SolSneakers~:solsneakers
SolSocks~:solsocks
Solsocks x The Wormhole Proj - Wormfields~:solsocks_wormholeproject_wormfields
SolSpecters~:solspecters
Solsphere : SolGems~:sol_gems
Solstain Club~:solstain_club
SolStars~:solstars
Solstars Holographics~:solstars_holographics
SolStarships~:solstarships
Solsteads Surreal Estate~:solsteads_surreal_estate
SolStein~:solstein
SolStoners~:SolStoners
Solsunsets~:solsunsets
SolSweeps~:solsweeps
Solsworn~:solsworn
Soltato~:soltato
SolThirsty Apes~:solthirsty_apes
SOLTigers~:soltiger
SolTowers~:soltowers
SolTreez~:soltreez
Soltter~:soltter
SolTurtle~:solturtle
Solutions~:solutions
Solvaders~:solvaders
SolWatchers ~:solwatchers_
SolWhals~:solwhals
SolYachts~:solyachts
SolYetis~:solyetis
Solympian Gods~:solympian_gods
SolyPoly Squad~:solypoly_squad
SolyPoly World~:solypoly_world
Something~:something
Sorana-chan ~:sorana_chan
Soul Dogs Mintpass~:soul_dogs_mintpass
SoulKombat~:soulkombat
Soulless~:soulless
Soulless Pets~:soulless_pets
Soulmatesnft~:soulmatesnft
Soulofox~:soulofox
Sowls~:sowls
Space Bananas~:space_bananas
Space Bums~:space_bums
Space Bums: Galaxy Mint Pass~:space_bums_galaxy_mint_pass
Space Heads~:space_heads
Space Kitties~:spacekitties
Space Runners~:space_runners
SpacePepesSOL~:spacepepes_sol
SpaceShips~:spaceships
Sparks~:sparks
Spartana~:spartana
Spicy Chicken Club~:spicy_chicken_club
Spiderverse~:spiderverse
Spirals NFT~:spirals_nft
Spirits Of Solana~:spirits_of_solana
Spookeletons~:spookeletons
SpookyDons~:spookydons
Spookyz~:spookyz
Spray Can Challenge 365~:spray_can_challenge_365
Squareheadz~:squareheadz
Squid Society~:squid_society
Squiggle Pass~:squiggle_pass
Stapes of Solar Heroes~:stapes_of_solar_heroes
Star Punkz~:star_punkz
Starbase~:starbase
Stash~:stash
Stealth Ninjas~:stealth_ninjas
Steel & Spells Online RPG~:steel_and_spells_online_rpg
STEPN~:stepn
STEREO~:stereo
Stickman~:stickman
Stock Tylers~:stock_tylers
Stoned Ape Crew~:stoned_ape_crew
Stranded Unicorns~:stranded_unicorns
Stratos nft~:stratos_nft
Stylish Studs~:stylish_studs
Subway Skaters~:subway_skaters
Such Shibas~:such_shibas
Suckers~:suckers
SUNKS~:sunks
Sunset Sol~:sunset_sol
Super Fruit~:super_fruit
Superballz~:superballz
SuperSols~:supersols
Surging Bulls~:surging_bulls
Surging Bulls X Joseph Taylor~:surging_bulls_x_joseph_taylor
Surging Bulls: Solana Legends~:surging_bulls_legends
Sussy Snails~:sussy_snails
Swampy Gators~:swampy_gators
Sweet Panda NFT~:sweet_panda_nft
Synapses ~:synapses
Synchrony x Solrazr IDO NFTs~:synchrony_x_solrazr_ido_nfts
Synesthesia, by Labyrinth~:synesthesia_by_labyrinth
Taco Cats Club~:taco_cats_club
Taiyo Robotics~:taiyo_robotics
Teddy Village~:teddy_village
TeenyTigers~:teeny_tigers
Temporal~:temporal
TensorBox~:tensorbox
Terrarium Tanks~:terrarium_tanks
Terrestrial T-Rex Club~:terrestrial_t_rex_club
Test Guys~:test_guys
Test Guys Item Outpost~:test_guys_item_outpost
The 2974 Collection~:the_2974_collection
The Afloat Ecosystem~:the_afloat_ecosystem
The Ape Fam Passes~:the_ape_fam_passes
The Assembly~:the_assembly
The Baby Boogles~:the_baby_boogles
The Beverly Hills Car Club~:the_beverly_hills_car_club
The Bull Herd~:the_bull_herd
The Catalina Whale Mixer~:the_catalina_whale_mixer
The CatWalk Project~:the_catwalk_project
The Chill Elephants Club~:the_chill_elephants_club
The Clown Town NFT~:the_clown_town_nft
The Collectoooooor~:collectoooooor
The Crooks~:the_crooks
The Degens~:the_degens
The Dragon Club~:the_dragon_club
The Elementies~:the_elementies
The Elephant House~:the_elephant_house
The Fracture ~:the_fracture
The GOAT Society~:the_goat_society
The Golden Woofers~:the_golden_woofers
The Hellions~:hellions
The Infamous Thugbirdz~:the_infamous_thugbirdz_derivative
The IRS~:the_irs
The Jungle~:the_jungle
The Koalanas~:koalanas
The Krooks~:the_krooks
The Loading Project / ~ From Hell to Paradise ~ ~:the_loading_project_from_hell_to_paradise_
The Lost in Time Collection~:the_lost_in_time_collection
The Mallohs~:the_mallohs
The Monkish Rebellion~:monkishrebellion
The Nasty Boys~:the_nasty_boys
The Neighborhood~:the_neighborhood
The Nine Dragons~:the_nine_dragons
The Ollivander ~:the_ollivander
The Ones~:the_ones
The OutCats~:the_outcats
The Pandas~:the_pandas_nft
The Panthera Club~:the_panthera_club
The Penguettes~:the_penguettes
The Polar Collection~:the_polar_collection
The Retriever Party~:the_retriever_party
The Salty Butlers~:the_salty_butlers
The Scarecrows~:the_scarecrows
The Slow Patrol~:the_slow_patrol
The Sneks~:the_sneks
The Solana Lottery: Game Tokens~:the_solana_lottery_game_tokens
The Solana Lottery: Winners Circle Tokens~:the_solana_lottery_winners_circle_tokens
The Solciety~:the_solciety
The SolCube NFTs~:the_solcube_nfts
The Solsons~:the_solsons
The Steve´s 3000~:the_steves_3000
The Time Keepers~:the_time_keepers
The White Rabbit Series by Graceful~:white_rabbit_series
The Whitelist~:the_whitelist
The Wormhole Project~:the_wormhole_project
theBULL by metaCOLLECTIVE~:thebull_by_metacollective
TheC4lcul4tor~:thec4lcul4tor
TheChickenz~:thechickenz
TheSlowPatrol - Next Generation~:theslowpatrol_next_generation
Thirsty Cactus Garden Party~:thirsty_cactus_garden_party
Thoughtful Folk NFT~:thoughtful_folk_nft
Thug Punks~:thug_punks
thugbabez~:thugbabez
Thugbabyz~:thugbabyz
ThugBacks~:thugback
Thugbirdz~:thugbirdz
ThugDragonz~:thugdragonz
Thugette Birdz~:thugette_birdz
ThugHorses~:thughorses
Thugkeez~:thugkeez
ThugMonkez~:thugmonkez
ThugSnakez~:thugsnakez
Thugteenz~:thugteenz
TiasTacos~:tiastacos
TigerLabs~:tigers_by_treehouse_labs
Time Variants~:time_variants
tino's rarest artworks ~:tinosartwork
TinySols~:tinysols
Tired Turtles~:tired_turtles
Titanz~:titanz
ToastedBear~:toastedbear
Toasty Baby Turts~:toasty_baby_turts
Toasty Turts~:toasty_turts
ToneBox~:tonebox
Toon Wabbits~:toon_wabbits
Tough Dog Club~:tough_dog_club
Tower~:the_tower
Toxic Octos ~:toxic_octos_
Toy Factory~:toy_factory
Transdimensional Fox Federation~:transdimensional_fox_federation
Trashy Dumpsters~:trashy_pandas_dumpsters
Trashy Pandas~:trashy_pandas
Tres Pablos~:tres_pablos
Trippy Bunny Comics~:trippy_bunny_comics
Trippy Bunny Tribe~:trippy_bunny_tribe
Trippy Surfers x Solana Surfers~:trippy_surfers_x_solana_surfers
TRIPPYs~:trippys
TROLEX~:trolex
TROLLz~:trollz_nft
Tungsten Cube NFT~:tungsten_cube_nft
Turnt Up Tikis~:turnt_up_tikis
Turnt Up Trinkets~:turnt_up_trinkets
Turtle Traders~:turtle_traders
Turtles~:turtles
Two Coffees and a Beer~:two_coffees_and_a_beer
Undead Sols~:undead_sol
Unirexcity~:unirexcity
United Aliens~:united_aliens
Unknown Pixel Plants~:unknown_pixel_plants
UNQ Universe~:unq_universe
Up To The Stars~:up_to_the_stars
Utterly Otters Group~:utterly_otters_group
Vale Unleashed Rel~:vale_unleashed_rel
Vamp Ape Gang~:vamp_ape_gang
Vampires of SOL~:vampires_of_sol
Vampires of SOL Special Halloween Edition~:vampires_of_sol_halloween
VenusSolTraps~:venussoltraps
Verse of Death~:verse_of_death
Vinopolis~:vinopolis
Vishv | Metaverse~:vishv_metaverse
Voodoo Club~:voodoo_club
Voxel Monkes~:solana_voxel_monkes
VoxPunksClub~:voxpunksclub
Wabbits~:wabbits
Waifu DAO Gaming Guild~:waifu_dao_gaming_guild
Waifu Nerds~:waifu_nerds
WallStreetPunkS~:wallstreetpunks
WAR FREAKZ~:warzone_freakz
WastelanderZ~:wastelanderz
WastelanderZ : The Mutants~:wastelanderz_the_mutants
Waxo Skulls~:waxo_skulls
We Are The Walrus - WATW ~:we_are_the_walrus_watw
Wealth of Nations~:wealth_of_nations
WeedPunkZ~:weedpunkz
Wenmoon Club~:wenmoon_club
WGMI NFT Collector's Club~:wgmi_nft_collectors_club
WGMIce~:wgmice
Whales Nation~:whales_nation
WhaleSOLs~:whalesols
Wholesome Whales~:wholesome_whales
Wicked Penguin Bone Club~:wicked_penguin_bone_club
Wicked Pigeon Posse~:wicked_pigeon_posse
Wieners~:wieners
Wildfire Native~:wildfire_native
WipeMyAss~:wipemyass
Wolves of SOL Street~:wolves_of_sol_street
Women's Pride~:womens_pride
WOOFers~:woof
Wool Capital Group - Sheared Sheep~:wool_capital_group_sheared_sheep
WoolCapital~:woolcapital
Woolly Guys~:woolly_guys
World of Deities NFT~:world_of_deities_nft
World Punks~:world_punks
Xin Dragons~:xin_dragons
Xmas Lotto Geckos~:xmas_lotto_geckos
Xmas Party~:xmas_party
Xyndicate~:xyndicate
Yaksa - The Guardian~:yaksa_nft
Yakuza Raptorz~:yakuza_raptorz
Yama Yeti~:yama_yeti
Zen0~:zen0
zen0verse~:zen0verse
Zero G Labs: Derivatives~:zero_g_derivatives
Zero G Labs: Launch Pass~:launch_pass
Zero G Labs: Solanauts~:solanauts
Zillaz NFT~:zillaz_nft
Zombie Ape Club~:zombie_ape_club
Zombie Tor~:zombie_tor
ZombieLand~:zombieland
ZombiePunks~:zombiepunks
Zoodiac Dragons~:zoodiac_dragons
Zoodiac Monkey Business~:zoodiac_monkey_business
Zoodiac Rabbits~:zoodiac_rabbits
Zoodiacs~:zoodiacs
Zoolana~:zoolana
Zoolana Alpha Red~:zoolana_alpha_red
Zwickies~:zwickies